Product_Title,Price,Brand,Currency,PreReduction_Price, Discount
Youth 530,52.25,New Balance,BHD,,
Youth Runfalcon 5 El,12.98,Adidas,BHD,21.57,-40%
Kids Tensaur Comfort Ac,16.39,Adidas,BHD,21.57,-25%
NIKE V5 RNR E BP,38.59,Nike,BHD,,
Air Jordan 1 Mid,40.52,Jordan,BHD,57.35,-30%
Youth Gel-Nyc Gs,49.51,asics,BHD,52.36,-6%
Youth Handball Spezial,35.4,adidas Originals,BHD,46.50,-24%
Kids Handball Spezial,20.38,adidas Originals,BHD,30.24,-33%
Tensaur Comfort Shoes Kids,23.79,Adidas,BHD,,
Kids Tensaur Run 3.0 El,15.48,Adidas,BHD,19.41,-21%
Youth Runfalcon 5,18.78,Adidas,BHD,24.83,-25%
Tensaur Switch Shoes Kids,15.6,Adidas,BHD,20.49,-24%
Youth Runfalcon 5 El,12.98,Adidas,BHD,21.57,-40%
Air Jordan 1 Mid,40.52,Jordan,BHD,57.35,-30%
Kids Tensaur Run 3.0 El,15.48,Adidas,BHD,19.41,-21%
Youth Tensaur Run 3.0,11.95,Adidas,BHD,22.66,-48%
Youth Runfalcon 5,14.68,Adidas,BHD,24.83,-41%
Kids Runfalcon 5 El,16.39,Adidas,BHD,21.57,-25%
Kids Club Ii Era,21.29,PUMA,BHD,28.08,-25%
Youth Gazelle,21.63,adidas Originals,BHD,43.26,-50%
Kids Chuck Taylor All Star,17.99,CONVERSE,BHD,27.00,-34%
Kids Chuck Taylor All Star,14.91,CONVERSE,BHD,19.41,-24%
Kids Copa Pure Iv League Tf,17.99,Adidas,BHD,32.41,-45%
Infant Samba Og Cf El,23.91,adidas Originals,BHD,30.24,-21%
Infant Samba Crib,15.71,adidas Originals,BHD,20.49,-24%
Youth Tensaur Run 3.0,11.95,Adidas,BHD,22.66,-48%
Youth Deportivo III TF,14.12,Adidas,BHD,18.32,-23%
Youth Copa Pure IV Club IN,13.78,Adidas,BHD,22.66,-40%
Youth Runfalcon 5,14.68,Adidas,BHD,24.83,-41%
Kids Campus 00S C,20.95,adidas Originals,BHD,35.67,-42%
Infant Grand Court Mickey,17.07,Adidas,BHD,22.66,-25%
Youth Rickie,21.06,PUMA,BHD,21.57,-3%
Kids Breakbase,18.9,Adidas,BHD,22.66,-17%
Kids Barreda Decode Elsa,20.26,Adidas,BHD,27.00,-25%
Infant Vl Court 3.0 Cf,23.11,Adidas,BHD,24.93,-8%
Infant Samba Og Cf El,21.4,adidas Originals,BHD,25.91,-18%
Infant Adilette Estrap Buz,11.16,Adidas,BHD,13.98,-21%
Kids Campus 00S El C,22.08,adidas Originals,BHD,35.67,-39%
Kids Runfalcon 5 El,16.39,Adidas,BHD,21.57,-25%
Kids Club Ii Era,21.29,PUMA,BHD,28.08,-25%
Kids Gel-1130 Ps,36.31,asics,BHD,36.32,-1%
Kids Campus 00S C,20.95,adidas Originals,BHD,35.67,-42%
Kids Bounder,15.71,SKECHERS,BHD,16.48,-5%
Infant Runfalcon 5 El,17.64,Adidas,BHD,19.41,-10%
Youth Runfalcon 5,18.9,Adidas,BHD,24.83,-24%
Kids Chuck Taylor All Star,17.99,CONVERSE,BHD,27.00,-34%
Kids Bounder,12.07,SKECHERS,BHD,16.48,-27%
Kids Deportivo Iii Tf,17.64,Adidas,BHD,18.32,-4%
Kids Grand Court Spider-Man,20.26,Adidas,BHD,28.08,-28%
Kids Handball Spezial,35.17,adidas Originals,BHD,,
Kids Grand Court Capt America El,16.96,Adidas,BHD,27.00,-38%
Infant Duramo Sl2 El,17.64,Adidas,BHD,20.49,-14%
Youth Terrain Clogs,23.79,crocs,BHD,,
Kids Duramo Sl2 El,17.87,Adidas,BHD,22.66,-22%
Kids Vl Court 3.0,22.08,Adidas,BHD,25.91,-15%
Youth 408,24.7,New Balance,BHD,27.00,-9%
Youth Softride Cosmic Street Sliptech,19.46,PUMA,BHD,29.16,-34%
Kids Samba Og,32.9,adidas Originals,BHD,,
Kids Gel-1130 Ps,39.27,asics,BHD,,
Kids Grand Court 00S,22.2,Adidas,BHD,27.00,-18%
Infant Vl Court 3.0 Cf,23.68,Adidas,BHD,24.83,-5%
Kids Campus 00S El C,15.48,adidas Originals,BHD,35.67,-57%
Infant Vl Court 3.0 Cf,17.07,Adidas,BHD,22.66,-25%
Kids Campus 00S C,20.95,adidas Originals,BHD,35.67,-42%
Kids All-Day Active Ac+ Ps,11.38,PUMA,BHD,20.49,-45%
Youth Barreda Decode,18.33,Adidas,BHD,28.08,-35%
Infant Tensaur Switch Cf,14.57,Adidas,BHD,18.32,-21%
Kids Water Sandal Spider,20.03,Adidas,BHD,25.91,-23%
Youth 530,52.25,New Balance,BHD,,
Infant Gazellef El,18.21,adidas Originals,BHD,27.00,-33%
Kids Handball Spezial,19.35,adidas Originals,BHD,32.41,-41%
Kids Samba Og Cf El C,26.52,adidas Originals,BHD,35.67,-26%
Kids Smash 3.0 L V Ps,11.73,PUMA,BHD,21.57,-46%
Air Jordan 1 Mid,37.34,Jordan,BHD,57.35,-35%
Kids Smash 3.0 L V Ps,9.79,PUMA,BHD,21.57,-55%
Unisex Kids BMW M Motorsport Drift Cat Decima motorsport shoe,11.99,BMW Motorsport,BHD,37.51,-69%
Infant Campus 00S Cf El,16.28,adidas Originals,BHD,30.24,-47%
Kids Grand Court Minnie,12.52,Adidas,BHD,27.00,-54%
Nike Metro Tek,14.91,Nike,BHD,37.83,-61%
Kids Old Skool V Sneakers,10.81,VANS,BHD,24.83,-57%
Kids Tensaur Run 3.0 El,12.63,Adidas,BHD,19.41,-35%
Kids Gel-1130 Ps,39.27,asics,BHD,,
Infant Tensaur Comfort Ac,15.03,Adidas,BHD,19.41,-23%
NIKE COSMIC RUNNER TD,23.79,Nike,BHD,,
Kids Vl Court 3.0,22.08,Adidas,BHD,25.91,-15%
Kids Classic Clogs,21.52,crocs,BHD,,
Infant Bubblecomfy,17.07,Adidas,BHD,20.49,-17%
Kids Tensaur Run 3.0 El,18.78,Adidas,BHD,19.41,-4%
Kids Gel-1130 Ps,36.31,asics,BHD,36.32,-1%
Kids Flexfocus Sliptech Ps,11.38,PUMA,BHD,19.41,-42%
Youth Softride Cosmic Street Sliptech,15.82,PUMA,BHD,29.16,-46%
Kids Club Ii Era,17.76,PUMA,BHD,28.08,-37%
Youth Runfalcon 5 El,12.98,Adidas,BHD,21.57,-40%
Kids Altaswim 3 C,12.63,Adidas,BHD,18.32,-32%
Kids Smash 3.0 L V Ps,11.73,PUMA,BHD,21.57,-46%
Kids Gel-1130 Ps,31.87,asics,BHD,36.32,-13%
Infant Tensaur Run 3.0 El,15.25,Adidas,BHD,20.49,-26%
Infant Flexfocus Modern Ac+,19.24,PUMA,BHD,,
Kids Tensaur Run 3.0 El,16.74,Adidas,BHD,22.66,-27%
Kids Breakbase C,18.9,Adidas,BHD,22.66,-17%
Youth Cloud Play,58.05,On Running,BHD,,
COURT BOROUGH LOW RECRAFT BPV,32.9,Nike,BHD,,
Air Jordan 1 Mid,37.34,Jordan,BHD,57.35,-35%
Nike Flex Runner 4,27.2,Nike,BHD,,
Kids Smash 3.0 L V Ps,9.79,PUMA,BHD,21.57,-55%
Kids Vl Court 3.0,19.01,Adidas,BHD,25.91,-27%
Youth Adizero Evo Sl,69.32,Adidas,BHD,,
Adilette Sandals,16.96,Adidas,BHD,,
Unisex Kids BMW M Motorsport Drift Cat Decima motorsport shoe,11.99,BMW Motorsport,BHD,37.51,-69%
Kids Handball Spezial,17.76,adidas Originals,BHD,30.24,-42%
Infant Summerflex I,19.69,Adidas,BHD,22.66,-14%
Youth Duramo Sl2,18.56,Adidas,BHD,25.91,-29%
Nike Flex Runner 4,27.2,Nike,BHD,,
Kids Adilette Shower Logo,9.45,Adidas,BHD,12.90,-27%
Kids Air Max 270 Bp,31.87,Nike,BHD,48.67,-35%
578 Sports Shoes,21.52,New Balance,BHD,,
Kids Rincon 4 Big Kids,49.51,Hoka,BHD,,
Kids Adilette Aqua,7.85,Adidas,BHD,10.73,-27%
Infant Tensaur Run 3.0 El,15.25,Adidas,BHD,20.49,-26%
Kids Grand Court Minnie,12.52,Adidas,BHD,27.00,-54%
Kids Gel-1130 Ps,31.87,asics,BHD,36.32,-13%
Kids Classic Clogs,21.52,crocs,BHD,,
Infant Grand Court Minnie,24.93,Adidas,BHD,,
Nike Dunk Low,42.12,Nike,BHD,48.67,-14%
Youth Anzarun Lite,15.48,PUMA,BHD,24.83,-38%
NIKE STAR RUNNER 5 GS,35.17,Nike,BHD,,
Youth V5 Rnr Gs,46.55,Nike,BHD,,
Nike Flex Runner 4,27.2,Nike,BHD,,
578 Sports Shoes,21.52,New Balance,BHD,,
Youth Adizero Evo Sl,69.32,Adidas,BHD,,
Infant Flexfocus Modern Ac+,19.24,PUMA,BHD,,
Youth Air Max Fire Gs,34.94,Nike,BHD,48.67,-29%
Kids Smash 3.0 L V Ps,15.48,PUMA,BHD,21.57,-29%
Kids Smash 3.0 L V Ps,9.79,PUMA,BHD,21.57,-55%
Youth Pegasus Trail 5 Gs,25.95,Nike,BHD,62.76,-59%
Kids Grand Court Minnie,12.52,Adidas,BHD,27.00,-54%
Youth Anzarun Lite,15.48,PUMA,BHD,24.83,-38%
Nike Jr. Tiempo Legend 10 Academy,13.78,Nike,BHD,35.67,-62%
Youth P-6000 Bg,34.37,Nike,BHD,48.67,-30%
Kids All-Day Active Ac+ Ps,15.03,PUMA,BHD,20.49,-27%
"Kids' Black Velcro Strap Sneakers Shoes - Easy-On, Day Fun for Little Explorers!",20.1,U.S. Polo Assn.,BHD,33.22,-40%
Kids Adilette Aqua,8.31,Adidas,BHD,10.73,-23%
Nike Jr. Tiempo Legend 10 Academy,13.78,Nike,BHD,35.67,-62%
Youth P-6000 Bg,34.37,Nike,BHD,48.67,-30%
Infant Star Runner 5 Td,29.48,Nike,BHD,,
Infant Summerflex I,19.69,Adidas,BHD,22.66,-14%
Youth Dunk Low Retro Bttys,27.43,Nike,BHD,35.67,-24%
Infant Tensaur Run 3.0 El,15.6,Adidas,BHD,20.49,-24%
Infant Gazellef El,19.69,adidas Originals,BHD,27.00,-28%
Kids All-Day Active Ac+ Ps,15.03,PUMA,BHD,20.49,-27%
Kids Gt-1000 14 Ps,34.15,asics,BHD,,
Youth Samba Og,46.33,adidas Originals,BHD,46.50,-1%
"Kids' Black Velcro Strap Sneakers Shoes - Easy-On, Day Fun for Little Explorers!",20.1,U.S. Polo Assn.,BHD,33.22,-40%
Kids Tensaur Run 3.0 El,16.85,Adidas,BHD,22.66,-26%
Youth 327,46.55,New Balance,BHD,,
Kids Crocband Cruiser Sandals,23.79,crocs,BHD,,
Kids Old Skool V Sneakers,14.68,VANS,BHD,24.83,-41%
NIKE COSMIC RUNNER TD,23.79,Nike,BHD,,
COURT BOROUGH MID 2 BPV,35.17,Nike,BHD,,
Youth Lightblaze,22.42,Adidas,BHD,32.41,-31%
Infant Campus 00S Cf El,21.29,adidas Originals,BHD,30.24,-30%
Kids F50 Hyperfast Club Tf,29.48,Adidas,BHD,,
Kids Barreda Decode El C,19.69,Adidas,BHD,22.66,-14%
Kids Runfalcon 5 El,16.39,Adidas,BHD,21.57,-25%
Youth Soft Wired 2 Sliptech Ps,15.71,PUMA,BHD,24.83,-37%
Tensaur Comfort Shoes Kids,19.46,Adidas,BHD,21.57,-10%
Infant Bubblecomfy,17.07,Adidas,BHD,20.49,-17%
Kids Samba Og,23.45,adidas Originals,BHD,30.24,-23%
Youth Breaknet 3.0,19.46,Adidas,BHD,22.66,-15%
Youth Air Jordan 1 Mid Bg,48.15,Jordan,BHD,59.52,-20%
Kids Club Ii Era V Ps,17.07,PUMA,BHD,25.91,-35%
Kids Tensaur Comfort Ac,15.48,Adidas,BHD,21.57,-29%
Infant Chuck Taylor All Star Cribster,15.82,CONVERSE,BHD,16.15,-3%
Kids Breakbase C,19.46,Adidas,BHD,22.66,-15%
Kids Sunray Protect 4 Bp,21.63,Nike,BHD,24.83,-13%
Youth Dunk Low Se 1 Bg,38.13,Nike,BHD,54.09,-30%
Kids Breakbase C,18.9,Adidas,BHD,22.66,-17%
Nike Metro Tek,14.91,Nike,BHD,37.83,-61%
Youth Grand Court 3.0,20.49,Adidas,BHD,22.66,-10%
Youth Copa Pure IV Club FG,14.46,Adidas,BHD,22.66,-37%
Kids Pokemon Print Classic Clog,28.34,crocs,BHD,30.24,-7%
Youth Star Runner 5 Gs,20.26,Nike,BHD,30.24,-34%
Infant Samba Og Cf El,24.7,adidas Originals,BHD,25.91,-5%
Kids Arizona  BS Narrow Fit Sandals,40.87,BIRKENSTOCK,BHD,,
Infant Adifom Samba 360 I,19.01,adidas Originals,BHD,30.24,-38%
Kids Gel-Nyc Ps,37.11,asics,BHD,42.82,-14%
Kids Microspec Velocity,15.48,SKECHERS,BHD,18.21,-16%
Kids Tensaur Sport 3.0,15.71,Adidas,BHD,19.41,-20%
Kids Adilette Sandal 2,13.43,Adidas,BHD,15.07,-11%
Youth Advantage Base 2.0,17.87,Adidas,BHD,22.66,-22%
Youth Handball Spezial,36.2,adidas Originals,BHD,49.76,-28%
Kids Duramo Sl2 El,17.07,Adidas,BHD,22.66,-25%
Kids Go Run 400 V2,18.44,SKECHERS,BHD,,
Adifom Adilette Slides Kids,20.6,adidas Originals,BHD,22.65,-10%
Youth P-6000 Bg,55.66,Nike,BHD,,
COURT BOROUGH LOW RECRAFT BPV,29.48,Nike,BHD,,
Youth Cosmic Runner Gs,35.17,Nike,BHD,,
Kids Bounder,12.07,SKECHERS,BHD,16.48,-27%
Youth F50 Club TF,20.26,Adidas,BHD,25.91,-22%
Kids Old Skool V Sneakers,14.68,VANS,BHD,24.83,-41%
Youth Lightblaze,22.42,Adidas,BHD,32.41,-31%
Infant Campus 00S Cf El,21.29,adidas Originals,BHD,30.24,-30%
Youth Soft Wired 2 Sliptech Ps,15.71,PUMA,BHD,24.83,-37%
Kids Tensaur Comfort Ac,15.48,Adidas,BHD,21.57,-29%
Youth Dunk Low Se 1 Bg,38.13,Nike,BHD,54.09,-30%
Nike Metro Tek,14.91,Nike,BHD,37.83,-61%
Youth Copa Pure IV Club FG,14.46,Adidas,BHD,22.66,-37%
Youth Star Runner 5 Gs,20.26,Nike,BHD,30.24,-34%
Infant Adifom Samba 360 I,19.01,adidas Originals,BHD,30.24,-38%
Infant Skechers Meteor-Lights,10.81,SKECHERS,BHD,18.32,-41%
Kids Adilette Estrap 2.0,12.07,Adidas,BHD,13.98,-14%
Kids Fortarun 4.0 El C,25.38,Adidas,BHD,25.91,-3%
Infant Flexfocus Modern Ac+,19.24,PUMA,BHD,,
Kids Chuck Taylor All Star 2V,15.48,CONVERSE,BHD,19.41,-21%
Youth Adilette Lumia,16.96,Adidas,BHD,,
Youth X-Ray 3 Lt,15.6,PUMA,BHD,25.91,-40%
Infant Handball Spezial,18.78,adidas Originals,BHD,27.00,-31%
Youth Fortarun 4.0,20.26,Adidas,BHD,28.08,-28%
Nike Air Max Nova,27.09,Nike,BHD,41.09,-35%
Infant Vl Court Woody Cf,24.93,Adidas,BHD,,
Adilette Sandals,16.96,Adidas,BHD,,
Kids Grand Court 00S,19.35,Adidas,BHD,25.91,-26%
Kids Tensaur Mickey,18.21,Adidas,BHD,27.00,-33%
Air Jordan 4 RM,67.04,Jordan,BHD,,
"Kids' Black Velcro Strap Sneakers Shoes - Comfy, Cushioned Sole for All-Day Play!",20.1,U.S. Polo Assn.,BHD,33.22,-40%
Infant Lightorama Rnr El,16.85,Adidas,BHD,25.91,-35%
Kids Go Run 400 V2,12.52,SKECHERS,BHD,16.48,-25%
Youth Gel-1130 Gs,43.26,asics,BHD,,
Youth Cloud Play,58.05,On Running,BHD,,
Youth Terrex Tracefinder 2,19.58,Adidas,BHD,27.00,-28%
Tensaur Hook and Loop Shoes,20.38,Adidas,BHD,,
Kids Black Low-Top Casual Sneakers with Velcro Strap - Sleek Everyday Style and Comfort for Effortless Wear,18.91,U.S. Polo Assn.,BHD,40.37,-54%
Infant Handball Spezial Cf,24.47,adidas Originals,BHD,27.00,-10%
"Kids' White Velcro Strap Sneakers Shoes - Comfy, Cushioned Sole for All-Day Play!",16.52,U.S. Polo Assn.,BHD,33.22,-51%
Kids Tensaur Run 3.0 El,16.74,Adidas,BHD,22.66,-27%
Youth Revolution 7,28.69,Nike,BHD,37.40,-24%
Youth 327,46.55,New Balance,BHD,,
Infant Japan S Ts,28.46,asics,BHD,,
Youth 9060,57.94,New Balance,BHD,,
Kids Microspec Tread,20.26,SKECHERS,BHD,,
Infant Lightorama Court El,29.48,Adidas,BHD,,
COURT BOROUGH MID 2 BG,46.55,Nike,BHD,,
Youth Handball Spezial,53.38,adidas Originals,BHD,,
Youth 740,49.97,New Balance,BHD,,
Youth JN Old Skool,28,VANS,BHD,31.98,-13%
Youth Eclyptix 2000,30.62,Adidas,BHD,,
Kids Samba Og Cf El,35.17,adidas Originals,BHD,,
NIKE STELLAR RIDE PSV,35.17,Nike,BHD,,
Infant Runfalcon 6 El,22.65,Adidas,BHD,,
Kids Suede Classic,37.45,PUMA,BHD,,
Youth Dunk Low Sde Bg,55.66,Nike,BHD,,
AIR MAX 270 BG,63.63,Nike,BHD,,
Youth Fortarun 3.0,24.36,Adidas,BHD,27.64,-12%
Infant Japan S Ts,28.46,asics,BHD,,
Kids F50 Messi Club Tf,30.62,Adidas,BHD,,
Kids Palermo Lth,37.45,PUMA,BHD,,
Kids Lite Racer 3.0,19.35,Adidas,BHD,24.83,-23%
Infant Flexfocus Modern Ac+,19.24,PUMA,BHD,,
Youth Pacific Gs,44.28,Nike,BHD,,
Infant Tensaur Run 4.0 El,20.38,Adidas,BHD,,
Kids Runfalcon 6 El,23.79,Adidas,BHD,,
Youth Air Jordan 1 Low Se Uni Bg,61.35,Jordan,BHD,,
Kids Nasa Flip Flop,4.44,NASA,BHD,,
Infant Jordan 1 Low Alt Bt,40.87,Jordan,BHD,,
Air Jordan 4 RM,67.04,Jordan,BHD,,
Infant Classic Clogs,18.1,crocs,BHD,,
Youth Gt-2000 14 Gs,52.36,asics,BHD,,
Youth Handball Spezial,36.2,adidas Originals,BHD,49.76,-28%
COURT BOROUGH LOW RECRAFT BPV,29.48,Nike,BHD,,
Infant Skechers Meteor-Lights,10.81,SKECHERS,BHD,18.32,-41%
Nike Air Max SC,22.31,Nike,BHD,41.09,-46%
Infant Handball Spezial,18.78,adidas Originals,BHD,27.00,-31%
Nike Air Max Nova,27.09,Nike,BHD,41.09,-35%
Kids Tensaur Mickey,18.21,Adidas,BHD,27.00,-33%
"Kids' Black Velcro Strap Sneakers Shoes - Comfy, Cushioned Sole for All-Day Play!",20.1,U.S. Polo Assn.,BHD,33.22,-40%
Infant Lightorama Rnr El,16.85,Adidas,BHD,25.91,-35%
Kids Black Low-Top Casual Sneakers with Velcro Strap - Sleek Everyday Style and Comfort for Effortless Wear,18.91,U.S. Polo Assn.,BHD,40.37,-54%
Infant Crocband Cruiser Sandals,21.52,crocs,BHD,,
Youth 1906,57.94,New Balance,BHD,,
Kids Air Max 90 Mesh Lace Ps,46.55,Nike,BHD,,
Youth Skyrocket Lite 2,23.79,PUMA,BHD,,
Youth Campio Xt,25.5,Reebok,BHD,35.67,-29%
Youth Air Max Bia Bg,52.25,Nike,BHD,,
Youth Air Max 90 Ltr Gs,61.35,Nike,BHD,,
AIR ZOOM PEGASUS 42 GS,61.35,Nike,BHD,,
Junior Anthony Edwards 1 J Low,52.36,Adidas,BHD,,
Youth Sonic Fly Gs,44.28,Nike,BHD,,
AIR MAX 270 BP,52.25,Nike,BHD,,
Youth Speedcat Og,46.55,PUMA,BHD,,
Youth Future 9 Play FG,28.34,PUMA,BHD,,
Youth Jordan Spizike Low Bg,69.32,Jordan,BHD,,
Youth Uplift Sc Bg,35.17,Nike,BHD,,
Infant 574,38.59,New Balance,BHD,,
Kids Uno Lite,26.75,SKECHERS,BHD,28.00,-5%
Youth P-6000 Br Bg,55.66,Nike,BHD,,
Youth Jordan Sixty Plus Low Bg,72.73,Jordan,BHD,,
Kids Handball Spezial Messi,35.17,Adidas,BHD,,
Kids Tensaur Run 4.0 El,22.65,Adidas,BHD,,
Youth Stellar Ride Gs,40.87,Nike,BHD,,
Youth Jordan Court Connect Low Bg,44.28,Jordan,BHD,,
Kids Japan S Ps,31.3,asics,BHD,,
Youth Tensaur Run 4.0,24.93,Adidas,BHD,,
Kids Eclyptix 2000 El,29.48,Adidas,BHD,,
Youth Air Max Phoenix Bg,67.04,Nike,BHD,,
Infant Crocband Clog Sandals,23.79,crocs,BHD,,
Youth Breakbase,20.26,Adidas,BHD,25.91,-22%
Kids Grand Court Spider-Man El,30.62,Adidas,BHD,,
Kids Max Invigor Bp,44.28,Nike,BHD,,
Kids Jordan 1 Low Alt Bp,46.55,Jordan,BHD,,
Youth Air Force 1 Ess+ Bg,57.94,Nike,BHD,,
Youth Break Start,23.91,Adidas,BHD,27.00,-12%
NIKE STELLAR RIDE PSV,35.17,Nike,BHD,,
Youth Tensaur Run 4.0,24.93,Adidas,BHD,,
Kids Hoops Classic El,29.48,Adidas,BHD,,
Kids Jordan Max Aura 7 Bg,52.25,Jordan,BHD,,
Infant Runfalcon 6 El,22.65,Adidas,BHD,,
Toddler Classic Clogs,18.1,crocs,BHD,,
Kids Eclyptix 2000 El,29.48,Adidas,BHD,,
Youth Air Jordan 1 Mid Bg,67.04,Jordan,BHD,,
Kids Japan S Ps,31.3,asics,BHD,,
Kids Slide Sandals,10.36,speedo,BHD,10.95,-6%
NIKE DUNK LOW N BP,46.55,Nike,BHD,,
Youth Gel-Nyc Gs,44.73,asics,BHD,48.78,-9%
